run_id,group,problem,family,seed,steps_adam,steps_lbfgs,rel_l2
9a94429f1b60,alpha_sweep,poisson,c_ff,0,1500,150,0.0788835
c2112630fd60,alpha_sweep,poisson,c_ff,0,1500,150,0.0111353
e0012180d354,alpha_sweep,poisson,c_ff,0,1500,150,1.4789
0b8f61806d61,alpha_sweep,poisson,c_ff,1,1500,150,0.0234184
1aade52513aa,alpha_sweep,poisson,c_ff,1,1500,150,0.276189
5b8728c11e9b,alpha_sweep,poisson,c_ff,1,1500,150,1.78934
59f0a391f06d,alpha_sweep,poisson,c_ff,2,1500,150,1.07724
7902bb5dca80,alpha_sweep,poisson,c_ff,2,1500,150,0.00192687
dc88c30e8ea5,alpha_sweep,poisson,c_ff,2,1500,150,0.235061
5aed7b18604e,alpha_sweep,poisson,c_mlp,0,1500,150,7.13278
b17ceebb0f53,alpha_sweep,poisson,c_mlp,0,1500,150,0.000428357
fcca81f66bf0,alpha_sweep,poisson,c_mlp,0,1500,150,1.71578
51cadbb71e02,alpha_sweep,poisson,c_mlp,1,1500,150,0.000790663
6ac4bc5d9c83,alpha_sweep,poisson,c_mlp,1,1500,150,7.35282
b373853eeb47,alpha_sweep,poisson,c_mlp,1,1500,150,0.553533
8e1b3aca93f6,alpha_sweep,poisson,c_mlp,2,1500,150,0.000938402
9e51c53e5543,alpha_sweep,poisson,c_mlp,2,1500,150,0.377616
e644af6450c6,alpha_sweep,poisson,c_mlp,2,1500,150,7.05069
153889622c98,alpha_sweep,poisson,q_serial,0,1500,150,0.347488
3308e66ea8b6,alpha_sweep,poisson,q_serial,0,1500,150,0.683691
3eae684e03ff,alpha_sweep,poisson,q_serial,0,1500,150,0.697005
74ac7d9d21fa,alpha_sweep,poisson,q_serial,1,1500,150,0.345567
dcd02a1de253,alpha_sweep,poisson,q_serial,1,1500,150,0.688577
fbf9b9a3991a,alpha_sweep,poisson,q_serial,1,1500,150,0.698577
025c9c3f144a,alpha_sweep,poisson,q_serial,2,1500,150,0.662452
385013122077,alpha_sweep,poisson,q_serial,2,1500,150,0.641792
f16e2dab3d5c,alpha_sweep,poisson,q_serial,2,1500,150,0.33916
196523c439d7,baseline_tuning,poisson,c_ff,0,1500,150,1.11285
44700dba8a22,baseline_tuning,poisson,c_ff,0,1500,150,1.16395
47e171512d66,baseline_tuning,poisson,c_ff,0,1500,150,1.16395
60a94e3e6e91,baseline_tuning,poisson,c_ff,0,1500,150,0.38316
b8a5a060846f,baseline_tuning,poisson,c_ff,0,1500,150,1.11285
c46d9b63aad6,baseline_tuning,poisson,c_ff,0,1500,150,0.38316
6c13578c05d2,baseline_tuning,poisson,c_mlp,0,1500,150,2.74065
70237409f459,baseline_tuning,poisson,c_mlp,0,1500,150,3.85796
75f2d3d2d776,baseline_tuning,poisson,c_mlp,0,1500,150,1.54336
83a0807fcfcd,baseline_tuning,poisson,c_mlp,0,1500,150,2.75141
d0c60f7fd5e9,baseline_tuning,poisson,c_mlp,0,1500,150,2.25686
d61a7f32a985,baseline_tuning,poisson,c_mlp,0,1500,150,1.97185
cf3a29a94d29,baseline_tuning_confirm,poisson,c_ff,0,20000,2000,0.0132496
3987924e8b7a,baseline_tuning_confirm,poisson,c_ff,1,20000,2000,0.173806
d2260a58ae0f,baseline_tuning_confirm,poisson,c_mlp,0,20000,2000,2.36735
9b4be2905b57,baseline_tuning_confirm,poisson,c_mlp,1,20000,2000,2.35571
757fc01cfa72,core_matrix,burgers,c_ff,0,20000,2000,0.331924
a9b61ce12e5c,core_matrix,burgers,c_ff,1,20000,2000,0.320736
0f7b18f7eb9c,core_matrix,burgers,c_mlp,0,20000,2000,0.0147734
82eccbeb3a92,core_matrix,burgers,c_mlp,1,20000,2000,0.0137806
4bfe3d781d69,core_matrix,burgers,c_rff_matched,0,20000,2000,0.311773
c539f3969f3e,core_matrix,burgers,c_rff_matched,1,20000,2000,0.312822
ed6be389495b,core_matrix,burgers,q_octave,0,20000,2000,0.84465
25ef5531a3b7,core_matrix,burgers,q_octave,1,20000,2000,0.847544
f1b8e76ac795,core_matrix,burgers,q_parallel,0,20000,2000,0.341005
811b5515d283,core_matrix,burgers,q_parallel,1,20000,2000,0.258164
88e0fc70bf8f,core_matrix,burgers,q_random,0,20000,2000,1.05614
357db93f2984,core_matrix,burgers,q_random,1,20000,2000,1.71945
e3b5a202aebe,core_matrix,burgers,q_serial,0,20000,2000,1.1383
47940b78a647,core_matrix,burgers,q_serial,1,20000,2000,1.09763
70e1b461f4a7,core_matrix,heat,c_ff,0,20000,2000,0.305353
0883abb96ee4,core_matrix,heat,c_ff,1,20000,2000,0.390259
302f90110ca0,core_matrix,heat,c_mlp,0,20000,2000,0.615066
c9481fedaf22,core_matrix,heat,c_mlp,1,20000,2000,0.304754
73a18bf29baf,core_matrix,heat,c_rff_matched,0,20000,2000,0.329766
846247baef84,core_matrix,heat,c_rff_matched,1,20000,2000,0.268738
d38b75ccbab6,core_matrix,heat,q_octave,0,20000,2000,0.712874
0d2d83cc5e9b,core_matrix,heat,q_octave,1,20000,2000,0.678321
9e759c744282,core_matrix,heat,q_parallel,0,20000,2000,0.606955
9bb8f09ee7c2,core_matrix,heat,q_parallel,1,20000,2000,0.934016
00d64581fd35,core_matrix,heat,q_random,0,20000,2000,7.59451
5b75c5973910,core_matrix,heat,q_random,1,20000,2000,2.7373
0966a969423c,core_matrix,heat,q_serial,0,20000,2000,0.428618
4df47364cc42,core_matrix,heat,q_serial,1,20000,2000,0.419957
d594247d246b,core_matrix,helmholtz_k10,c_ff,0,20000,2000,0.995834
d2bd8635b918,core_matrix,helmholtz_k10,c_ff,1,20000,2000,0.999037
b07abab1747c,core_matrix,helmholtz_k10,c_mlp,0,20000,2000,1
18ff26ce3070,core_matrix,helmholtz_k10,c_mlp,1,20000,2000,1
8ee55659693e,core_matrix,helmholtz_k10,c_rff_matched,0,20000,2000,0.998568
5b255b047e0c,core_matrix,helmholtz_k10,c_rff_matched,1,20000,2000,0.998967
97d5f2a06015,core_matrix,helmholtz_k10,q_octave,0,20000,2000,1.00065
395448c52c4c,core_matrix,helmholtz_k10,q_octave,1,20000,2000,1.00019
90761e9cec51,core_matrix,helmholtz_k10,q_parallel,0,20000,2000,0.999432
c37f1b46bf75,core_matrix,helmholtz_k10,q_parallel,1,20000,2000,0.999067
4ae61d2e554d,core_matrix,helmholtz_k10,q_random,0,20000,2000,1.00842
23d8a5f7350d,core_matrix,helmholtz_k10,q_random,1,20000,2000,1.00481
9d4c386d5907,core_matrix,helmholtz_k10,q_serial,0,20000,2000,1.08698
a4654d602454,core_matrix,helmholtz_k10,q_serial,1,20000,2000,1.09051
409e50d23692,core_matrix,helmholtz_k20,c_ff,0,20000,2000,0.999071
2865f43c69f6,core_matrix,helmholtz_k20,c_ff,1,20000,2000,0.996357
21c239b877c4,core_matrix,helmholtz_k20,c_mlp,0,20000,2000,1
ea908a03cc0e,core_matrix,helmholtz_k20,c_mlp,1,20000,2000,1
f0eaeacd3d17,core_matrix,helmholtz_k20,c_rff_matched,0,20000,2000,0.994692
69c7ff4d7e25,core_matrix,helmholtz_k20,c_rff_matched,1,20000,2000,0.995425
12742c545d9a,core_matrix,helmholtz_k20,q_octave,0,20000,2000,1.00939
399e82b6c2be,core_matrix,helmholtz_k20,q_octave,1,20000,2000,1.00007
f9a623b1d04b,core_matrix,helmholtz_k20,q_parallel,0,20000,2000,1.01098
af62eaa3469f,core_matrix,helmholtz_k20,q_parallel,1,20000,2000,0.988518
ccc88110d753,core_matrix,helmholtz_k20,q_random,0,20000,2000,1.00943
4bd1e2fec335,core_matrix,helmholtz_k20,q_random,1,20000,2000,1.00493
44a4e2e48bb5,core_matrix,helmholtz_k20,q_serial,0,20000,2000,0.949071
5a5097f4f662,core_matrix,helmholtz_k20,q_serial,1,20000,2000,1.00491
c748b4a04936,core_matrix,helmholtz_k4,c_ff,0,20000,2000,0.883995
3e38a51d3ec2,core_matrix,helmholtz_k4,c_ff,1,20000,2000,0.987897
fec0863942bb,core_matrix,helmholtz_k4,c_mlp,0,20000,2000,6.11313e-05
135ad6e12b46,core_matrix,helmholtz_k4,c_mlp,1,20000,2000,8.93322e-05
e4be2f480458,core_matrix,helmholtz_k4,c_rff_matched,0,20000,2000,0.953442
0e99dff94b1b,core_matrix,helmholtz_k4,c_rff_matched,1,20000,2000,0.953725
daa87be10129,core_matrix,helmholtz_k4,q_octave,0,20000,2000,0.996132
1fac28d027d3,core_matrix,helmholtz_k4,q_octave,1,20000,2000,0.996066
25ddbeb28630,core_matrix,helmholtz_k4,q_parallel,0,20000,2000,0.369617
b0580fda8deb,core_matrix,helmholtz_k4,q_parallel,1,20000,2000,0.264416
4686cf10eb08,core_matrix,helmholtz_k4,q_random,0,20000,2000,0.917955
9c4a37487478,core_matrix,helmholtz_k4,q_random,1,20000,2000,15.7463
3fe26a718280,core_matrix,helmholtz_k4,q_serial,0,20000,2000,1.59228
8f18791c6c15,core_matrix,helmholtz_k4,q_serial,1,20000,2000,15.5227
cc6a4286aa7d,core_matrix,poisson,c_ff,0,20000,2000,0.0208444
b5fd2da9c21d,core_matrix,poisson,c_ff,1,20000,2000,0.209652
14bbe5f763c4,core_matrix,poisson,c_mlp,0,20000,2000,1.08408
80ee408aa722,core_matrix,poisson,c_mlp,1,20000,2000,0.669824
eac451be4142,core_matrix,poisson,c_rff_matched,0,20000,2000,0.44482
d261622af302,core_matrix,poisson,c_rff_matched,1,20000,2000,0.355408
060cb380158a,core_matrix,poisson,q_octave,0,20000,2000,0.732601
05ca08d8d1b3,core_matrix,poisson,q_octave,1,20000,2000,0.751175
c158ba42e4ae,core_matrix,poisson,q_parallel,0,20000,2000,0.685025
17b930beb6e6,core_matrix,poisson,q_parallel,1,20000,2000,0.49591
0f4d6936e728,core_matrix,poisson,q_random,0,20000,2000,3.56731
4291609b6920,core_matrix,poisson,q_random,1,20000,2000,1.62085
ce23b631c673,core_matrix,poisson,q_serial,0,20000,2000,1.72825
3779f00b77a4,core_matrix,poisson,q_serial,1,20000,2000,1.67506
bac302485724,core_matrix_extra_seed,burgers,c_ff,2,20000,2000,0.321032
143675a2e895,core_matrix_extra_seed,burgers,c_ff,3,20000,2000,0.32582
8e906046fb54,core_matrix_extra_seed,burgers,c_ff,4,20000,2000,0.40607
2e87412cfea2,core_matrix_extra_seed,burgers,c_mlp,2,20000,2000,0.0111826
30301aa77273,core_matrix_extra_seed,burgers,c_mlp,3,20000,2000,0.0180863
fde833a31c90,core_matrix_extra_seed,burgers,c_mlp,4,20000,2000,0.00800247
bbe65e70a213,core_matrix_extra_seed,burgers,c_rff_matched,2,20000,2000,0.311323
57d3b295ff41,core_matrix_extra_seed,burgers,c_rff_matched,3,20000,2000,0.312765
c8271b3523ad,core_matrix_extra_seed,burgers,c_rff_matched,4,20000,2000,0.311301
db277927545e,core_matrix_extra_seed,burgers,q_octave,2,20000,2000,0.692408
1eee95939ae7,core_matrix_extra_seed,burgers,q_octave,3,20000,2000,0.8463
3382d3b29d76,core_matrix_extra_seed,burgers,q_octave,4,20000,2000,0.844224
36e3b34d5b75,core_matrix_extra_seed,burgers,q_parallel,2,20000,2000,0.0880287
85208ea04307,core_matrix_extra_seed,burgers,q_parallel,3,20000,2000,0.333367
fb11c3043bf7,core_matrix_extra_seed,burgers,q_parallel,4,20000,2000,0.0571484
e0cf68c1c379,core_matrix_extra_seed,burgers,q_random,2,20000,2000,1.0309
222ed924fda4,core_matrix_extra_seed,burgers,q_random,3,20000,2000,1.33736
96b31dd421f8,core_matrix_extra_seed,burgers,q_random,4,20000,2000,0.769934
bc0423ba946e,core_matrix_extra_seed,burgers,q_serial,2,20000,2000,0.917554
fa0359c87318,core_matrix_extra_seed,burgers,q_serial,3,20000,2000,1.24809
25cbea5a92e5,core_matrix_extra_seed,burgers,q_serial,4,20000,2000,1.18364
2314945f2946,core_matrix_extra_seed,heat,c_ff,2,20000,2000,0.378879
4f38d9734849,core_matrix_extra_seed,heat,c_ff,3,20000,2000,0.397271
d41ea70190d4,core_matrix_extra_seed,heat,c_ff,4,20000,2000,0.437124
8d4b128ced32,core_matrix_extra_seed,heat,c_mlp,2,20000,2000,0.686386
28bd0acd411a,core_matrix_extra_seed,heat,c_mlp,3,20000,2000,0.207036
a5001cdfadd2,core_matrix_extra_seed,heat,c_mlp,4,20000,2000,0.126828
19f42ab90bc3,core_matrix_extra_seed,heat,c_rff_matched,2,20000,2000,0.325779
bc461d6df6b9,core_matrix_extra_seed,heat,c_rff_matched,3,20000,2000,0.325994
2d9921a7a9b7,core_matrix_extra_seed,heat,c_rff_matched,4,20000,2000,0.326169
704f12c86979,core_matrix_extra_seed,heat,q_octave,2,20000,2000,0.666913
ae948e06bfe4,core_matrix_extra_seed,heat,q_octave,3,20000,2000,0.671368
1c4ee7b8b17e,core_matrix_extra_seed,heat,q_octave,4,20000,2000,0.70846
5c85c571ca3a,core_matrix_extra_seed,heat,q_parallel,2,20000,2000,0.759017
3de4eb55c354,core_matrix_extra_seed,heat,q_parallel,3,20000,2000,0.537739
6261688558ff,core_matrix_extra_seed,heat,q_parallel,4,20000,2000,0.79936
32957b4775a0,core_matrix_extra_seed,heat,q_random,2,20000,2000,1.49008
5b988a1eaa9d,core_matrix_extra_seed,heat,q_random,3,20000,2000,1.02065
da6a2b0a52a6,core_matrix_extra_seed,heat,q_random,4,20000,2000,4.11111
4698e5c9f0df,core_matrix_extra_seed,heat,q_serial,2,20000,2000,0.411919
676233fcef6f,core_matrix_extra_seed,heat,q_serial,3,20000,2000,0.415952
5a1c0336c0b0,core_matrix_extra_seed,heat,q_serial,4,20000,2000,0.423388
3f7331251af6,core_matrix_extra_seed,helmholtz_k10,c_ff,2,20000,2000,0.998614
163e95e00a63,core_matrix_extra_seed,helmholtz_k10,c_ff,3,20000,2000,0.996472
190440c9d646,core_matrix_extra_seed,helmholtz_k10,c_ff,4,20000,2000,0.999386
b2f612c68b1d,core_matrix_extra_seed,helmholtz_k10,c_mlp,2,20000,2000,1
2f8d814b39b5,core_matrix_extra_seed,helmholtz_k10,c_mlp,3,20000,2000,0.999998
fee9b3772d43,core_matrix_extra_seed,helmholtz_k10,c_mlp,4,20000,2000,1
ba2abd83ffdf,core_matrix_extra_seed,helmholtz_k10,c_rff_matched,2,20000,2000,0.998739
79cdcefc31e1,core_matrix_extra_seed,helmholtz_k10,c_rff_matched,3,20000,2000,0.998594
5362b1d1a167,core_matrix_extra_seed,helmholtz_k10,c_rff_matched,4,20000,2000,0.998813
59a2f635ca9b,core_matrix_extra_seed,helmholtz_k4,c_ff,2,20000,2000,0.921979
11b669cec1e0,core_matrix_extra_seed,helmholtz_k4,c_ff,3,20000,2000,0.751092
3f4b7150713a,core_matrix_extra_seed,helmholtz_k4,c_ff,4,20000,2000,0.962068
80a83f5b660f,core_matrix_extra_seed,helmholtz_k4,c_mlp,2,20000,2000,4.09224e-05
e9462c7ff7be,core_matrix_extra_seed,helmholtz_k4,c_mlp,3,20000,2000,4.19383e-05
3985d17a65d9,core_matrix_extra_seed,helmholtz_k4,c_mlp,4,20000,2000,4.98741e-05
ea5aa94ce818,core_matrix_extra_seed,helmholtz_k4,c_rff_matched,2,20000,2000,0.952646
5faa0e066e3a,core_matrix_extra_seed,helmholtz_k4,c_rff_matched,3,20000,2000,0.9512
3ab99593873e,core_matrix_extra_seed,helmholtz_k4,c_rff_matched,4,20000,2000,0.951768
6d37d385a346,core_matrix_extra_seed,helmholtz_k4,q_octave,2,20000,2000,0.996784
e0816f01de06,core_matrix_extra_seed,helmholtz_k4,q_octave,3,20000,2000,0.998264
a7a71810c9c9,core_matrix_extra_seed,helmholtz_k4,q_octave,4,20000,2000,0.998831
b19858c944b1,core_matrix_extra_seed,helmholtz_k4,q_parallel,2,20000,2000,0.373724
99ce3ddda3c8,core_matrix_extra_seed,helmholtz_k4,q_parallel,3,20000,2000,0.21537
f7246b125f16,core_matrix_extra_seed,helmholtz_k4,q_parallel,4,20000,2000,0.262878
73605d6bb5d2,core_matrix_extra_seed,helmholtz_k4,q_random,3,20000,2000,0.990507
48b8dba3f69a,core_matrix_extra_seed,helmholtz_k4,q_random,4,20000,2000,0.949372
2cad8005b35d,core_matrix_extra_seed,helmholtz_k4,q_serial,2,20000,2000,0.914214
0e5691f4b14d,core_matrix_extra_seed,helmholtz_k4,q_serial,3,20000,2000,0.915255
3c9ce28bd83a,core_matrix_extra_seed,helmholtz_k4,q_serial,4,20000,2000,2.46032
9a6d9539319a,core_matrix_extra_seed,poisson,c_ff,2,20000,2000,0.770743
ace86773bbb6,core_matrix_extra_seed,poisson,c_ff,3,20000,2000,0.673491
7a56755a03b2,core_matrix_extra_seed,poisson,c_ff,4,20000,2000,0.0200898
1e5f6e411187,core_matrix_extra_seed,poisson,c_mlp,2,20000,2000,1.78944
f53de8b5774a,core_matrix_extra_seed,poisson,c_mlp,3,20000,2000,1.7776
3d47a0a7dc8b,core_matrix_extra_seed,poisson,c_mlp,4,20000,2000,0.912146
3ba1817b4ebd,core_matrix_extra_seed,poisson,c_rff_matched,2,20000,2000,0.304311
6e4a6429a2f1,core_matrix_extra_seed,poisson,c_rff_matched,3,20000,2000,0.298772
ea772ad863be,core_matrix_extra_seed,poisson,c_rff_matched,4,20000,2000,0.327707
d15a17acc29a,core_matrix_extra_seed,poisson,q_octave,2,20000,2000,0.721849
f91f28fb4ce4,core_matrix_extra_seed,poisson,q_octave,3,20000,2000,0.772572
719581acf091,core_matrix_extra_seed,poisson,q_octave,4,20000,2000,0.750315
ca33f09b95f5,core_matrix_extra_seed,poisson,q_parallel,2,20000,2000,0.324184
e07d94b7dbf2,core_matrix_extra_seed,poisson,q_parallel,3,20000,2000,0.345933
e2f2c32cbb5d,core_matrix_extra_seed,poisson,q_parallel,4,20000,2000,0.270799
c84f5df65bc1,core_matrix_extra_seed,poisson,q_random,2,20000,2000,3.08173
017387693b7d,core_matrix_extra_seed,poisson,q_random,3,20000,2000,1.99523
6b59d106f110,core_matrix_extra_seed,poisson,q_random,4,20000,2000,12.0673
6c4188b8f2e7,core_matrix_extra_seed,poisson,q_serial,2,20000,2000,1.77951
c36ac67d07c8,core_matrix_extra_seed,poisson,q_serial,3,20000,2000,1.61536
6118837ca4fb,core_matrix_extra_seed,poisson,q_serial,4,20000,2000,1.67582
1d74ff8fc5ac,coverage_sweep,helmholtz_k10,q_serial,0,1500,150,1.00015
77563bdaae96,coverage_sweep,helmholtz_k10,q_serial,0,1500,150,1.00015
85a16843be4c,coverage_sweep,helmholtz_k10,q_serial,0,1500,150,1.00021
a5b377fa77b3,coverage_sweep,helmholtz_k10,q_serial,0,1500,150,1.00021
ad063d797ef0,coverage_sweep,helmholtz_k10,q_serial,0,1500,150,1.00021
d4f68d515d71,coverage_sweep,helmholtz_k10,q_serial,0,1500,150,1.00021
10ed6d0ceabf,coverage_sweep,helmholtz_k10,q_serial,1,1500,150,1.00243
19bc3d09f488,coverage_sweep,helmholtz_k10,q_serial,1,1500,150,1.00243
841db01fc20a,coverage_sweep,helmholtz_k10,q_serial,1,1500,150,1.00239
ac9b9406ea09,coverage_sweep,helmholtz_k10,q_serial,1,1500,150,1.00243
deb7774047be,coverage_sweep,helmholtz_k10,q_serial,1,1500,150,1.00239
e2cf7fab6dd5,coverage_sweep,helmholtz_k10,q_serial,1,1500,150,1.00243
2dda2808e232,coverage_sweep,helmholtz_k10,q_serial,2,1500,150,0.990563
2e8deae6025e,coverage_sweep,helmholtz_k10,q_serial,2,1500,150,0.990563
7771abd1a467,coverage_sweep,helmholtz_k10,q_serial,2,1500,150,0.990586
859e8ccb7580,coverage_sweep,helmholtz_k10,q_serial,2,1500,150,0.990586
9b0b903b9999,coverage_sweep,helmholtz_k10,q_serial,2,1500,150,0.990586
a7f145fa972e,coverage_sweep,helmholtz_k10,q_serial,2,1500,150,0.990586
376f116cd994,coverage_sweep,poisson,q_serial,0,1500,150,1.08376
72378f866ffa,coverage_sweep,poisson,q_serial,0,1500,150,1.08376
8d231f35c2cb,coverage_sweep,poisson,q_serial,0,1500,150,0.71829
9ff52794ba82,coverage_sweep,poisson,q_serial,0,1500,150,1.07958
e9d15b090cb9,coverage_sweep,poisson,q_serial,0,1500,150,0.71829
fc090257ed34,coverage_sweep,poisson,q_serial,0,1500,150,0.71829
03b75e7ff4b3,coverage_sweep,poisson,q_serial,1,1500,150,0.95848
16107fd93dd0,coverage_sweep,poisson,q_serial,1,1500,150,0.95848
1a2ad567a4c1,coverage_sweep,poisson,q_serial,1,1500,150,1.06739
460ceebf977a,coverage_sweep,poisson,q_serial,1,1500,150,0.728759
4ad38fa8f141,coverage_sweep,poisson,q_serial,1,1500,150,0.728759
c17503ec9759,coverage_sweep,poisson,q_serial,1,1500,150,0.728759
28659defa711,coverage_sweep,poisson,q_serial,2,1500,150,0.908968
2edbb3a364a7,coverage_sweep,poisson,q_serial,2,1500,150,0.914091
4f275401f8b4,coverage_sweep,poisson,q_serial,2,1500,150,0.914091
553defdb5896,coverage_sweep,poisson,q_serial,2,1500,150,0.718099
57402f0d7091,coverage_sweep,poisson,q_serial,2,1500,150,0.718099
ad70dc0f7411,coverage_sweep,poisson,q_serial,2,1500,150,0.718099
14cf5a06f5a9,coverage_sweep_superseded,helmholtz_k10,q_serial,0,20000,2000,1.00732
2acd1eb6c9bd,coverage_sweep_superseded,helmholtz_k10,q_serial,0,20000,2000,1.00671
8b531ba05745,coverage_sweep_superseded,helmholtz_k10,q_serial,0,20000,2000,1.00671
8c72c895d467,coverage_sweep_superseded,helmholtz_k10,q_serial,0,20000,2000,1.00671
b6969ece7a63,coverage_sweep_superseded,helmholtz_k10,q_serial,0,20000,2000,1.00671
eff5d0b298ed,coverage_sweep_superseded,helmholtz_k10,q_serial,0,20000,2000,1.00732
54635e5eddca,coverage_sweep_superseded,helmholtz_k10,q_serial,1,20000,2000,0.928871
6bb09ee4e1e3,coverage_sweep_superseded,helmholtz_k10,q_serial,1,20000,2000,0.928871
00ac94c9e104,coverage_sweep_superseded,poisson,q_serial,0,4500,500,0.618577
0ec6e2668be9,coverage_sweep_superseded,poisson,q_serial,0,4500,500,3.74499
1f21d087a133,coverage_sweep_superseded,poisson,q_serial,0,20000,2000,1.56501
438ba80dc851,coverage_sweep_superseded,poisson,q_serial,0,20000,2000,0.668931
659769a269ad,coverage_sweep_superseded,poisson,q_serial,0,4500,500,0.431772
67aef3524751,coverage_sweep_superseded,poisson,q_serial,0,20000,2000,1.56501
892fc1f6cd2f,coverage_sweep_superseded,poisson,q_serial,0,4500,500,4.07402
8b98d19c8c37,coverage_sweep_superseded,poisson,q_serial,0,4500,500,0.618577
926f7954d852,coverage_sweep_superseded,poisson,q_serial,0,4500,500,0.582279
9659bd7de2d3,coverage_sweep_superseded,poisson,q_serial,0,20000,2000,0.664761
9c5ec548c117,coverage_sweep_superseded,poisson,q_serial,0,20000,2000,0.664761
a8027e543a6b,coverage_sweep_superseded,poisson,q_serial,0,4500,500,0.431772
e1c91369c317,coverage_sweep_superseded,poisson,q_serial,0,20000,2000,1.56501
0c282a8bf574,coverage_sweep_superseded,poisson,q_serial,1,20000,2000,1.53899
17d3807a03a1,coverage_sweep_superseded,poisson,q_serial,1,20000,2000,0.695222
2b7b137924c8,coverage_sweep_superseded,poisson,q_serial,1,20000,2000,1.53899
8cad48c5045c,coverage_sweep_superseded,poisson,q_serial,1,20000,2000,0.695222
91810ff308b5,coverage_sweep_superseded,poisson,q_serial,1,20000,2000,0.673261
95a053fc4d15,coverage_sweep_superseded,poisson,q_serial,1,20000,2000,1.53899
050ef160474d,coverage_sweep_superseded,poisson,q_serial,2,20000,2000,1.57934
282cbbbba1cf,coverage_sweep_superseded,poisson,q_serial,2,20000,2000,21.2102
37f8b62f7bff,coverage_sweep_superseded,poisson,q_serial,2,20000,2000,1.57934
a750d86c93ac,coverage_sweep_superseded,poisson,q_serial,2,20000,2000,10.9831
c499a3f519b8,coverage_sweep_superseded,poisson,q_serial,2,20000,2000,1.57934
d2bb05959f01,coverage_sweep_superseded,poisson,q_serial,2,20000,2000,21.2102
39c6ac849775,depth_sweep,helmholtz_k10,q_serial,0,100,20,1.12232
459e310bfdcb,depth_sweep,helmholtz_k10,q_serial,0,100,20,1.10331
54fd45ff2bdc,depth_sweep,helmholtz_k10,q_serial,0,100,20,1.08687
e062d95d01b6,depth_sweep,helmholtz_k10,q_serial,0,100,20,1.11434
33aae8694317,noise_study,helmholtz_k10,c_ff,0,1500,150,1.02725
d97c26f7907a,noise_study,helmholtz_k10,c_ff,1,1500,150,1.01494
3b180e696626,noise_study,helmholtz_k10,c_ff,2,1500,150,0.985091
462b93837eb9,noise_study,helmholtz_k10,q_random,0,1500,150,1.00096
84009fff2c54,noise_study,helmholtz_k10,q_random,1,1500,150,1.00033
0bdca96e592e,noise_study,helmholtz_k10,q_random,2,1500,150,1.00139
0b63de81c10c,noise_study,helmholtz_k10,q_serial,0,1500,150,0.932543
10d6c7dd6ac9,noise_study,helmholtz_k10,q_serial,1,1500,150,0.966444
1951f1e51a5c,noise_study,helmholtz_k10,q_serial,2,1500,150,0.928621
aeb993b1ea9e,noise_study,poisson,c_ff,0,1500,150,1.11285
5b24a55a5621,noise_study,poisson,c_ff,1,1500,150,1.38798
756f6d39435b,noise_study,poisson,c_ff,2,1500,150,0.841058
c7a7678ef089,noise_study,poisson,q_random,0,1500,150,0.745488
ff8a4ad19b69,noise_study,poisson,q_random,1,1500,150,1.15342
065ba2a31868,noise_study,poisson,q_random,2,1500,150,0.774663
20f812b30af6,noise_study,poisson,q_serial,0,1500,150,0.658208
61243a539f39,noise_study,poisson,q_serial,1,1500,150,0.666756
e30f51ceb4a5,noise_study,poisson,q_serial,2,1500,150,0.612533
a473dc95b5ac,soft_bc_ntk,helmholtz_k10,c_mlp,0,1500,150,0.999507
d22118536a29,soft_bc_ntk,helmholtz_k10,c_mlp,1,1500,150,0.999488
3e293b7b02ca,soft_bc_ntk,helmholtz_k10,c_mlp,2,1500,150,0.999511
cc799d12d257,soft_bc_ntk,helmholtz_k10,q_serial,0,1500,150,1.07966
105487c90205,soft_bc_ntk,helmholtz_k10,q_serial,1,1500,150,1.12556
1a6b324898fc,soft_bc_ntk,helmholtz_k10,q_serial,2,1500,150,1.05867
e231fe3dc28a,soft_bc_ntk,poisson,c_mlp,0,1500,150,2.18366
faea5ce8de24,soft_bc_ntk,poisson,c_mlp,1,1500,150,5.38018
fdb0b00d0928,soft_bc_ntk,poisson,c_mlp,2,1500,150,3.19401
121c7f4e3e99,soft_bc_ntk,poisson,q_serial,0,1500,150,1.10432
b982391424d5,soft_bc_ntk,poisson,q_serial,1,1500,150,1.05368
ac37a62abfbc,soft_bc_ntk,poisson,q_serial,2,1500,150,1.10773
0280f156172b,t1.5_staircase,poisson,c_mlp,0,20000,2000,0.00629395
a5f1ca54add5,t1.5_staircase,poisson,c_mlp,1,20000,2000,4.153e-05
5669659249e2,t1.5_staircase,poisson,c_mlp,2,20000,2000,0.000166223
13972243cc87,test_fixture,poisson,c_mlp,2,20,5,1.79788
3cabbf515e05,test_fixture,poisson,q_serial,3,20,5,0.91489
